delivery_id,latitude,longitude,weight_kg,volume_m3,window_start,window_end,service_minutes,priority
D001,40.447,-3.65,420,2.4,08:30,10:30,25,HIGH
D002,40.512,-3.674,310,1.8,09:00,12:00,20,MEDIUM
D003,40.401,-3.721,520,3.1,08:00,11:00,30,HIGH
D004,40.365,-3.602,280,1.5,10:00,13:30,20,LOW
D005,40.553,-3.58,600,3.5,08:30,12:30,35,HIGH
D006,40.321,-3.706,450,2.7,11:00,15:00,30,MEDIUM
D007,40.468,-3.789,380,2.0,09:30,14:00,25,MEDIUM
D008,40.59,-3.742,700,4.2,08:00,12:00,40,HIGH
D009,40.298,-3.645,260,1.3,12:00,16:00,15,LOW
D010,40.428,-3.512,540,3.0,09:00,13:00,30,MEDIUM
D011,40.624,-3.655,350,1.9,10:00,14:30,20,MEDIUM
D012,40.348,-3.788,620,3.8,08:30,12:00,35,HIGH
